<?xml version="1.0" encoding="UTF-8" ?>
<!DOCTYPE mapper PUBLIC "-//mybatis.org//DTD Mapper 3.0//EN" "http://mybatis.org/dtd/mybatis-3-mapper.dtd">
<mapper namespace="com.atguigu.spzx.manager.mapper.SysRoleMapper">

    <!-- 映射查询到的字段  -->
    <resultMap id="sysRoleMap" type="com.atguigu.spzx.model.entity.system.SysRole" autoMapping="true">
    </resultMap>
    <!-- 抽离出要查询的列 -->
    <sql id="roleColumns">id,role_name,role_code,description</sql>
    <select id="findByPage" resultMap="sysRoleMap">
        select <include refid="roleColumns"></include>
        from sys_role
        <where>
            <if test="roleName != null and roleName != ''">
                and role_name like concat('%', #{roleName}, '%')
            </if>

        and is_deleted = 0
        </where>
        order by id desc
    </select>
<!-- 添加角色 -->
    <insert id="saveSysRole">
        insert into sys_role(
                             role_name,
                             role_code,
                             description
        )
        values (
                #{roleName},
                #{roleCode},
                #{description}
               )
    </insert>
<!-- 修改角色-->
    <update id="updateSysRole">
        update sys_role set
        <if test="roleName != null and roleName != ''">
            role_name = #{roleName},
        </if>
        <if test="roleCode != null and roleCode != ''">
            role_code = #{roleCode},
        </if>
        <if test="description != null and description != ''">
            description = #{description},
        </if>
            update_time = now()
        where id = #{id}
    </update>
<!-- 删除角色-->
    <update id="deleteById">
        update sys_role set
        is_deleted = 1
        where id = #{id}
    </update>
</mapper>
