<?xml version="1.0" encoding="UTF-8" ?>
<!DOCTYPE mapper PUBLIC "-//mybatis.org//DTD Mapper 3.0//EN" "http://mybatis.org/dtd/mybatis-3-mapper.dtd">
<mapper namespace="com.atguigu.spzx.manager.mapper.CategoryMapper">
    <resultMap id="categoryMap" type="com.atguigu.spzx.model.entity.product.Category" autoMapping="true">
</resultMap>
    <sql id="columns">
        id,name,img_url,parent_id,status,order_num,create_time,update_time,is_deleted
    </sql>
    <select id="findByParentId" resultType="com.atguigu.spzx.model.entity.product.Category">
        select <include refid="columns" /> from categroy
        where  parent_id = #{parentId}
        and is_deleted = 0
        order by id desc
    </select>
    <select id="countByParentId" resultType="java.lang.Integer">
        select count(id) from categroy
        where  parent_id = #{parentId}
        and is_deleted = 0
    </select>
</mapper>