<?xml version="1.0" encoding="UTF-8" ?>
<!DOCTYPE mapper PUBLIC "-//mybatis.org//DTD Mapper 3.0//EN" "http://mybatis.org/dtd/mybatis-3-mapper.dtd">
<mapper namespace="com.atguigu.spzx.manager.mapper.SysMenuMapper">

    <!-- 映射查询到的字段  -->
    <resultMap id="SysMenuMap" type="com.atguigu.spzx.model.entity.system.SysMenu" autoMapping="true">
    </resultMap>
    <!-- 抽离出要查询的列 -->
    <sql id="menuColumns">id,parent_id,title,component,path,sort_value,status,create_time,update_time,is_deleted</sql>
    <!-- 查询所有菜单 -->
    <select id="findNodes" resultMap="SysMenuMap">
        select <include refid="menuColumns" />
        from sys_menu where is_deleted = 0
        order by sort_value
    </select>
    <insert id="save" useGeneratedKeys="true" keyProperty="id">
        insert into sys_menu(
            id,
            parent_id,
            title,
            component,
            path,
            sort_value,
            status
        )
        values (
                #{id},
                #{parentId},
                #{title},
                #{component},
                #{path},
                #{sortValue},
                #{status})
    </insert>
    <update id="updateById">
        UPDATE sys_menu
        <set>
            <if test="parentId != null">
                parent_id = #{parentId},
            </if>
            <if test="title != null and title != ''">
                title = #{title},
            </if>
            <if test="component != null and component != ''">
                component = #{component},
            </if>
            <if test="path != null and path != ''">
                path = #{path},
            </if>
            <if test="sortValue != null">
                sort_value = #{sortValue},
            </if>
            <if test="status != null">
                status = #{status},
            </if>
            update_time = NOW()
        </set>
        WHERE id = #{id}
    </update>

    <select id="selectCountById" resultType="Integer">
        select count(*) from sys_menu where parent_id = #{id}
        and is_deleted = 0
    </select>
    <update id="deleteById">
        update sys_menu set
        is_deleted = 1,
        update_time = now()
        where id = #{id}
    </update>
<!--查找菜单-->
    <select id="selectById" resultType="com.atguigu.spzx.model.entity.system.SysMenu">
        select * from sys_menu where id = #{id}
    </select>
<!--根据用户ID查找用户所有菜单-->
    <select id="selectByUserId" resultType="com.atguigu.spzx.model.entity.system.SysMenu">
        select distinct m.* from sys_menu m
        inner join sys_role_menu rm on rm.menu_id = m.id
        inner join sys_user_role ur on ur.role_id = rm.role_id
        where ur.user_id = #{userId} and m.is_deleted = 0
    </select>
</mapper>
