<?xml version="1.0" encoding="UTF-8"?>
<configuration>

    <contextName>logback</contextName>

    <!-- 日志的输出目录 -->
    <property name="log.path" value="D://logs//spzx-manager//logs" />

    <!--控制台日志格式：彩色日志-->
    <!-- magenta:洋红 -->
    <!-- boldMagenta:粗红-->
    <!-- cyan:青色 -->
    <!-- white:白色 -->
    <!-- magenta:洋红 -->
    <property name="CONSOLE_LOG_PATTERN" value="%yellow(%date{yyyy-MM-dd HH:mm:ss}) %highlight([%-5level]) %green(%logger) %msg%n"/>

    <!--文件日志格式-->
    <property name="FILE_LOG_PATTERN" value="%date{yyyy-MM-dd HH:mm:ss} [%-5level] %thread %file:%line %logger %msg%n" />

    <!--编码-->
    <property name="ENCODING" value="UTF-8" />

    <!-- 控制台日志 -->
    <appender name="CONSOLE" class="ch.qos.logback.core.ConsoleAppender">
        <!-- 临界值过滤器 -->
        <filter class="ch.qos.logback.classic.filter.ThresholdFilter">
            <level>INFO</level>
        </filter>
        <encoder>
            <pattern>${CONSOLE_LOG_PATTERN}</pattern>
            <charset>${ENCODING}</charset>
        </encoder>
    </appender>

    <!-- 文件日志 -->
    <appender name="FILE" class="ch.qos.logback.core.FileAppender">
        <file>${log.path}//log.log</file>
        <append>true</append>
        <encoder>
            <pattern>%date{yyyy-MM-dd HH:mm:ss} %msg%n</pattern>
            <charset>${ENCODING}</charset>
        </encoder>
    </appender>

    <!-- 开发环境 -->
    <springProfile name="dev">
        <!-- com.atguigu日志记录器：业务程序INFO级别  -->
        <logger name="com.atguigu" level="INFO" />
        <!-- 根日志记录器：INFO级别  -->
        <root level="INFO">
            <appender-ref ref="CONSOLE" />
            <appender-ref ref="FILE" />
        </root>
    </springProfile>

</configuration>