<?xml version="1.0" encoding="UTF-8" ?>
<!DOCTYPE configuration PUBLIC
        "-//mybatis.org//DTD Config 3.0//EN"
        "http://mybatis.org/dtd/mybatis-3-config.dtd">
<configuration>
    <settings>
        <!-- 设置驼峰标识 -->
        <setting name="mapUnderscoreToCamelCase" value="true"/>
        <!-- 打印SQL语句 -->
        <setting name="logImpl" value="STDOUT_LOGGING"/>
<!--        &lt;!&ndash; 全局关闭自动映射功能 &ndash;&gt;-->
<!--        <setting name="autoMappingBehavior" value="NONE"/>-->
    </settings>
    <plugins>
        <!-- 分页插件 -->
        <plugin interceptor="com.github.pagehelper.PageInterceptor"/>
    </plugins>
</configuration>
